CIP_Code,Program,Minimum_Wage,Employment,Projected_Growth,Projected_Demand
41-9021.00,"Real Estate Brokers   
Bright Outlook
  
 ",58210,96000,8.5,60.631536
41-9022.00,"Real Estate Sales Agents 
",48690,369000,8.5,194.9377185
13-2021.02,"Appraisers, Real Estate 
",54980,80000,8.5,47.72264
11-9141.00,"Property, Real Estate, and Community Association Managers 
",58340,363000,8.5,229.775007
13-2021.00,"Appraisers and Assessors of Real Estate 
",54980,80000,8.5,47.72264
13-2021.01,"Assessors 
",54980,80000,8.5,47.72264
13-2061.00,"Financial Examiners 
",80180,61000,8.5,53.067133
13-2072.00,"Loan Officers 
",63040,316000,8.5,216.138944
23-2011.00,"Paralegals and Legal Assistants 
",50940,326000,11,184.331484
11-3031.02,"Financial Managers, Branch or Department 
",127990,654000,11,929.130606
11-1011.00,Chief Executives ,189600,263000,-2,488.67504
41-3031.02,"Sales Agents, Financial Services ",64120,442000,5,297.58092
25-1194.00,"Vocational Education Teachers, Postsecondary ",53120,126000,-2,65.592576
43-6014.00,"Secretaries and Administrative Assistants, Except Legal, Medical, and Executive 
",36630,2383000,-2,855.435042
41-1012.00,First-Line Supervisors of Non-Retail Sales Workers ,73390,398000,-2,286.250356
25-1011.00,"Business Teachers, Postsecondary 
",83960,108000,11,100.651248
13-2051.00,"Financial Analysts     
Green

",85660,330000,5,296.8119
23-1011.00,Lawyers ,120910,824000,5,1046.11332
43-1011.00,"First-Line Supervisors of Office and Administrative Support Workers 
",55810,1558000,0,869.5198
43-9061.00,"Office Clerks, General 
",32730,3159000,-2,1013.261886
27-4021.00,Photographers ,34000,132000,-2,43.9824
19-1031.02,Range Managers ,61310,24000,5,15.45012
41-3011.00,Advertising Sales Agents ,51740,148000,-2,75.043696
17-1011.00,"Architects, Except Landscape and Naval 

",79380,134000,8.5,115.410582
43-3011.00,Bill and Account Collectors ,36020,258000,-2,91.072968
43-4031.03,License Clerks ,38450,151000,5,60.962475
47-4011.00,"Construction and Building Inspectors 

",59700,117000,8.5,75.786165
17-2072.01,Radio Frequency Identification Device Specialists ,102700,139000,0,142.753
17-3029.05,"Industrial Engineering Technologists 
",63200,87000,2.5,56.3586
51-8012.00,"Power Distributors and Dispatchers 
",86410,12000,-2,10.161816
23-2093.00,"Title Examiners, Abstractors, and Searchers ",47130,63000,0,29.6919
41-3099.01,"Energy Brokers 

",54550,1061000,8.5,627.9714175
13-2052.00,"Personal Financial Advisors 

",88890,272000,8.5,262.332168
27-1014.00,Multimedia Artists and Animators ,72520,72000,5,54.82512
11-9041.01,"Biofuels/Biodiesel Technology and Product Development Managers 
",140760,193000,2.5,278.45847
15-1199.10,"Search Marketing Strategists 
",90270,413000,8.5,404.5043835
11-2021.00,"Marketing Managers 

",134290,259000,8.5,377.3750435
41-3021.00,"Insurance Sales Agents 
",50600,476000,8.5,261.32876
17-3023.01,"Electronics Engineering Technicians 
",64330,131000,0,84.2723
19-4031.00,"Chemical Technicians 
",48160,70000,2.5,34.5548
15-1121.00,"Computer Systems Analysts 
",88740,634000,8.5,610.433586
11-2022.00,Sales Managers ,124220,406000,5,529.54986
11-3131.00,"Training and Development Managers 
",111340,38000,8.5,45.905482
13-1151.00,"Training and Development Specialists 

",60870,306000,8.5,202.094487
17-3025.00,"Environmental Engineering Technicians 

",50560,18000,8.5,9.874368
15-1133.00,"Software Developers, Systems Software 

",110000,421000,8.5,502.4635
17-3023.03,"Electrical Engineering Technicians 
",64330,131000,0,84.2723
19-2042.00,"Geoscientists, Except Hydrologists and Geographers 
",91130,31000,5,29.662815
13-2099.01,"Financial Quantitative Analysts 
",70280,144000,5,106.26336
19-1012.00,Food Scientists and Technologists ,65300,15000,5,10.28475
15-1132.00,"Software Developers, Applications 
",103620,944000,11,1085.771808
17-2072.00,"Electronics Engineers, Except Computer 
",102700,139000,0,142.753
19-3032.00,"Industrial-Organizational Psychologists 
",97260,1000,11,1.079586
19-4099.03,"Remote Sensing Technicians 

",49670,72000,8.5,38.802204
15-1141.00,"Database Administrators 
",90070,117000,8.5,114.3393615
17-2141.00,"Mechanical Engineers 
",87370,313000,5,287.141505
17-2071.00,"Electrical Engineers 
",96640,192000,5,194.82624
19-2099.01,"Remote Sensing Scientists and Technologists 
",107230,21000,2.5,23.0812575
15-1199.02,"Computer Systems Engineers/Architects 
",90270,413000,8.5,404.5043835
17-2131.00,Materials Engineers ,92390,28000,0,25.8692
25-2011.00,"Preschool Teachers, Except Special Education 
",29780,524000,8.5,169.311212
11-9199.04,"Supply Chain Managers 
",107480,1080000,5,1218.8232
17-2011.00,"Aerospace Engineers 
",115220,67000,2.5,79.127335
17-3029.02,"Electrical Engineering Technologists 
",63200,87000,2.5,56.3586
17-3027.00,Mechanical Engineering Technicians ,56250,43000,2.5,24.7921875
13-1111.00,"Management Analysts 
",83610,876000,11,812.990196
19-2031.00,"Chemists 
",76890,88000,5,71.04636
11-9121.00,"Natural Sciences Managers 
",123860,64000,5,83.23392
15-1134.00,"Web Developers 
",69430,161000,11,124.078353
19-2041.03,"Industrial Ecologists 

",71130,85000,8.5,65.5996425
19-4011.02,Food Science Technicians ,40860,29000,5,12.44187
15-1111.00,"Computer and Information Research Scientists 
",118370,32000,11,42.045024
11-9041.00,"Architectural and Engineering Managers 
",140760,193000,2.5,278.45847
17-2199.01,"Biochemical Engineers 
",96980,158000,5,160.88982
19-3099.01,"Transportation Planners 
",81340,39000,5,33.30873
19-3011.00,"Economists 
",104340,21000,8.5,23.773869
13-2081.00,"Tax Examiners and Collectors, and Revenue Agents ",54440,58000,-2,30.943696
13-1141.00,"Compensation, Benefits, and Job Analysis Specialists ",63000,89000,5,58.8735
17-2031.00,Biomedical Engineers ,88550,20000,5,18.5955
25-3011.00,Adult Basic and Secondary Education and Literacy Teachers and Instructors ,53630,67000,-2,35.213458
15-1121.01,"Informatics Nurse Specialists 
",88740,634000,8.5,610.433586
13-2011.01,"Accountants 
",70500,1424000,5,1054.116
15-2021.00,"Mathematicians 
",101900,3000,11,3.39327
25-2053.00,"Special Education Teachers, Middle School ",60250,87000,2.5,53.7279375
19-3091.01,"Anthropologists 
",62410,7000,8.5,4.7400395
13-2099.00,"Financial Specialists, All Other ",70280,144000,5,106.26336
51-1011.00,"First-Line Supervisors of Production and Operating Workers 
",60420,640000,0,386.688
11-3021.00,"Computer and Information Systems Managers 
",142530,414000,11,654.982362
29-1141.04,"Clinical Nurse Specialists 
",71730,3060000,11,2436.38118
15-1131.00,Computer Programmers ,84280,250000,-2,206.486
19-4041.02,"Geological Sample Test Technicians 

",53300,16000,8.5,9.25288
17-2151.00,"Mining and Geological Engineers, Including Mining Safety Engineers ",92250,6000,2.5,5.673375
39-9041.00,"Residential Advisors 
",27860,116000,11,35.872536
15-2041.00,"Statisticians 
",87780,44000,11,42.871752
17-2199.11,"Solar Energy Systems Engineers 
",96980,158000,5,160.88982
19-3022.00,Survey Researchers ,57700,13000,0,7.501
13-1081.02,"Logistics Analysts 
",74600,175000,5,137.0775
19-1021.00,Biochemists and Biophysicists ,93280,30000,5,29.3832
17-2199.06,"Microsystems Engineers 
",96980,158000,5,160.88982
19-1029.01,Bioinformatics Scientists ,79590,47000,5,39.277665
19-1042.00,"Medical Scientists, Except Epidemiologists 
",84810,131000,8.5,120.5446935
11-9199.00,"Managers, All Other ",107480,1080000,5,1218.8232
25-9031.01,Instructional Designers and Technologists ,64450,182000,5,123.16395
11-2011.00,Advertising and Promotions Managers ,117130,28000,2.5,33.61631
19-2041.01,"Climate Change Analysts 

",71130,85000,8.5,65.5996425
21-1012.00,"Educational, Guidance, School, and Vocational Counselors 
",56310,325000,8.5,198.5631375
17-2141.02,"Automotive Engineers 
",87370,313000,5,287.141505
15-1199.03,"Web Administrators 
",90270,413000,8.5,404.5043835
15-1199.01,"Software Quality Assurance Engineers and Testers 
",90270,413000,8.5,404.5043835
19-3051.00,"Urban and Regional Planners 

",73050,39000,11,31.623345
11-2031.00,"Public Relations and Fundraising Managers 
",114800,81000,8.5,100.89198
13-2031.00,Budget Analysts ,76220,57000,5,45.61767
17-2199.05,"Mechatronics Engineers 
",96980,158000,5,160.88982
11-9199.10,"Wind Energy Project Managers 
",107480,1080000,5,1218.8232
23-2091.00,"Court Reporters 
",57150,16000,8.5,9.92124
11-3121.00,"Human Resources Managers 
",113300,152000,8.5,186.85436
25-2032.00,"Career/Technical Education Teachers, Secondary School ",60250,77000,2.5,47.5523125
25-4021.00,Librarians ,59050,135000,5,83.703375
29-9011.00,"Occupational Health and Safety Specialists 
",73020,98000,5,75.13758
15-1199.04,"Geospatial Information Scientists and Technologists 

",90270,413000,8.5,404.5043835
19-2021.00,"Atmospheric and Space Scientists 

",94110,10000,8.5,10.210935
25-2023.00,"Career/Technical Education Teachers, Middle School ",59230,12000,2.5,7.28529
19-1013.00,"Soil and Plant Scientists 

",63950,18000,8.5,12.489435
11-9199.03,Investment Fund Managers ,107480,1080000,5,1218.8232
15-1199.12,"Document Management Specialists 
",90270,413000,8.5,404.5043835
25-2051.00,"Special Education Teachers, Preschool 
",55840,24000,8.5,14.540736
25-2052.00,"Special Education Teachers, Kindergarten and Elementary School ",59390,184000,2.5,112.00954
17-3029.03,"Electromechanical Engineering Technologists 
",63200,87000,2.5,56.3586
21-1091.00,"Health Educators 
",54220,62000,8.5,36.473794
15-1199.09,"Information Technology Project Managers 
",90270,413000,8.5,404.5043835
17-2112.01,"Human Factors Engineers and Ergonomists 
",87040,285000,8.5,269.14944
39-7011.00,"Tour Guides and Escorts 
",26570,62000,8.5,17.873639
17-2199.07,"Photonics Engineers 
",96980,158000,5,160.88982
19-1011.00,"Animal Scientists 
",58380,3000,8.5,1.900269
25-9021.00,"Farm and Home Management Advisors 
",49840,10000,5,5.2332
33-3021.06,Intelligence Analysts ,81920,111000,2.5,93.20448
41-9031.00,Sales Engineers ,101420,67000,5,71.34897
15-1199.08,"Business Intelligence Analysts 
",90270,413000,8.5,404.5043835
17-3026.00,"Industrial Engineering Technicians 
",55460,68000,0,37.7128
25-9031.00,Instructional Coordinators ,64450,182000,5,123.16395
11-9033.00,"Education Administrators, Postsecondary 
",94340,193000,8.5,197.552677
25-1066.00,"Psychology Teachers, Postsecondary 
",76710,48000,11,40.871088
11-9199.02,"Compliance Managers 
",107480,1080000,5,1218.8232
15-2011.00,"Actuaries 
",102880,25000,11,28.5492
17-2199.03,"Energy Engineers 
",96980,158000,5,160.88982
17-2199.10,"Wind Energy Engineers 
",96980,158000,5,160.88982
11-3111.00,Compensation and Benefits Managers ,121010,16000,2.5,19.84564
11-9121.01,Clinical Research Coordinators ,123860,64000,5,83.23392
25-2012.00,"Kindergarten Teachers, Except Special Education ",55470,135000,5,78.628725
13-1022.00,"Wholesale and Retail Buyers, Except Farm Products 
",62750,432000,-2,265.6584
19-3041.00,"Sociologists 
",82050,3000,8.5,2.6707275
27-1021.00,"Commercial and Industrial Designers 
",66590,44000,2.5,30.03209
19-2032.00,"Materials Scientists 
",99800,8000,2.5,8.1836
11-9151.00,"Social and Community Service Managers 
",65320,169000,11,122.533788
13-1051.00,"Cost Estimators 
",64040,217000,8.5,150.778978
17-3024.00,"Electro-Mechanical Technicians 
",57790,14000,0,8.0906
41-3031.01,"Sales Agents, Securities and Commodities ",64120,442000,5,297.58092
43-9111.00,"Statistical Assistants 
",48330,13000,8.5,6.8169465
13-1131.00,"Fundraisers 
",56950,95000,8.5,58.7012125
19-4092.00,"Forensic Science Technicians 
",58230,17000,11,10.988001
15-2031.00,"Operations Research Analysts 
",83390,110000,11,101.81919
17-2171.00,Petroleum Engineers ,137170,34000,2.5,47.803745
11-3061.00,Purchasing Managers ,118940,72000,5,89.91864
11-9031.00,"Education Administrators, Preschool and Childcare Center/Program 
",47940,67000,8.5,34.849983
17-3022.00,Civil Engineering Technicians ,52580,74000,5,40.85466
39-9011.00,"Childcare Workers 
",23240,1160000,2.5,276.3236
13-1081.00,Logisticians ,74600,175000,5,137.0775
17-2112.00,"Industrial Engineers 

",87040,285000,8.5,269.14944
19-4091.00,"Environmental Science and Protection Technicians, Including Health 

",46170,35000,8.5,17.5330575
25-3099.02,"Tutors 
",30850,1012000,5,327.8121
41-4011.00,"Sales Representatives, Wholesale and Manufacturing, Technical and Scientific Products 
",79680,326000,5,272.74464
11-3071.01,"Transportation Managers 
",94730,131000,5,130.301115
13-1161.00,"Market Research Analysts and Marketing Specialists 
",63120,682000,11,477.831024
15-1143.00,Computer Network Architects ,109020,159000,5,182.00889
15-1199.05,"Geographic Information Systems Technicians 

",90270,413000,8.5,404.5043835
19-3031.02,"Clinical Psychologists 
",76990,162000,11,138.443418
11-3051.00,"Industrial Production Managers 
",103380,187000,0,193.3206
11-9039.01,"Distance Learning Coordinators 
",82850,47000,8.5,42.2493575
25-1081.00,"Education Teachers, Postsecondary 
",64780,79000,8.5,55.526177
19-3031.03,"Counseling Psychologists 
",76990,162000,11,138.443418
19-4011.01,"Agricultural Technicians 
",40860,29000,5,12.44187
21-1093.00,"Social and Human Service Assistants 
",33750,414000,11,155.09475
25-1052.00,"Chemistry Teachers, Postsecondary ",79550,27000,5,22.552425
11-1021.00,"General and Operations Managers 

",100930,2376000,8.5,2601.935028
13-1071.00,Human Resources Specialists ,60880,626000,5,400.16424
17-2199.02,"Validation Engineers 
",96980,158000,5,160.88982
19-4061.01,"City and Regional Planning Aides 
",46640,40000,8.5,20.24176
21-1092.00,Probation Officers and Correctional Treatment Specialists ,53020,92000,2.5,49.99786
25-2059.01,"Adapted Physical Education Specialists 
",56680,38000,8.5,23.369164
27-2012.03,Program Directors ,71680,152000,5,114.40128
19-4099.02,"Precision Agriculture Technicians 

",49670,72000,8.5,38.802204
49-2097.00,Electronic Home Entertainment Equipment Installers and Repairers ,38160,31000,-2,11.593008
11-9021.00,"Construction Managers 

",93370,472000,8.5,478.166444
13-1081.01,"Logistics Engineers 
",74600,175000,5,137.0775
13-2071.01,"Loan Counselors 
",45180,40000,8.5,19.60812
21-1021.00,"Child, Family, and School Social Workers 
",46270,340000,8.5,170.69003
25-1022.00,"Mathematical Science Teachers, Postsecondary ",73230,61000,2.5,45.7870575
25-1124.00,"Foreign Language and Literature Teachers, Postsecondary 
",67640,32000,8.5,23.484608
43-9111.01,"Bioinformatics Technicians 
",48330,13000,8.5,6.8169465
13-1121.00,"Meeting, Convention, and Event Planners 
",49370,134000,8.5,71.779043
15-1199.07,"Data Warehousing Specialists 
",90270,413000,8.5,404.5043835
17-2041.00,"Chemical Engineers 
",104910,34000,5,37.45287
25-4012.00,"Curators 
",53780,14000,8.5,8.169182
49-9071.00,"Maintenance and Repair Workers, General 

",38300,1488000,5,598.3992
51-4041.00,"Machinists 
",43630,395000,2.5,176.6469625
15-2041.01,"Biostatisticians 
",87780,44000,11,42.871752
17-2081.01,"Water/Wastewater Engineers 
",87620,55000,5,50.60055
17-2061.00,Computer Hardware Engineers ,114600,64000,5,77.0112
21-1011.00,"Substance Abuse and Behavioral Disorder Counselors 
",47790,834000,11,442.411146
29-1023.00,"Orthodontists 
",208000,7000,8.5,15.7976
45-4011.00,"Forest and Conservation Workers 
",27460,14000,-2,3.767512
25-1054.00,"Physics Teachers, Postsecondary 
",90800,17000,8.5,16.74806
25-1192.00,"Home Economics Teachers, Postsecondary ",71380,3000,5,2.24847
11-9199.11,"Brownfield Redevelopment Specialists and Site Managers 
",107480,1080000,5,1218.8232
13-2011.02,"Auditors 
",70500,1424000,5,1054.116
17-2051.01,"Transportation Engineers 
",86640,327000,5,297.47844
21-1015.00,"Rehabilitation Counselors 
",35630,120000,8.5,46.39026
41-4011.07,"Solar Sales Representatives and Assessors 
",79680,326000,5,272.74464
19-1020.01,Biologists ,77550,118000,5,96.08445
11-9051.00,"Food Service Managers 
",54240,356000,11,214.334784
17-3027.01,"Automotive Engineering Technicians 
",56250,43000,2.5,24.7921875
27-2021.00,Athletes and Sports Competitors ,50650,14000,5,7.44555
29-1122.00,"Occupational Therapists 
",84270,133000,11,124.407801
51-2011.00,"Aircraft Structure, Surfaces, Rigging, and Systems Assemblers 
",53340,45000,-2,23.52294
17-2021.00,Agricultural Engineers ,77110,3000,5,2.428965
19-4051.02,Nuclear Monitoring Technicians ,79140,8000,-2,6.204576
43-5111.00,"Weighers, Measurers, Checkers, and Samplers, Recordkeeping ",32310,66000,5,22.39083
19-3011.01,"Environmental Economists 

",104340,21000,8.5,23.773869
11-3011.00,"Administrative Services Managers 
",96180,300000,8.5,313.0659
13-1041.04,Government Property Inspectors and Investigators ,68860,320000,5,231.3696
17-3029.09,"Manufacturing Production Technicians 
",63200,87000,2.5,56.3586
29-2092.00,"Hearing Aid Specialists 
",52770,8000,11,4.685976
43-6011.00,Executive Secretaries and Executive Administrative Assistants ,59340,623000,-2,362.294436
13-1199.04,"Business Continuity Planners 
",70530,1136000,5,841.28184
29-2035.00,"Magnetic Resonance Imaging Technologists 
",71670,39000,11,31.025943
51-3011.00,Bakers ,26520,192000,5,53.46432
51-4192.00,"Layout Workers, Metal and Plastic ",47900,8000,-2,3.75536
53-2021.00,Air Traffic Controllers ,124540,24000,0,29.8896
19-4099.01,"Quality Control Analysts 
",49670,72000,8.5,38.802204
25-2054.00,"Special Education Teachers, Secondary School ",60600,142000,2.5,88.2033
11-3051.03,"Biofuels Production Managers 
",103380,187000,0,193.3206
11-3051.04,"Biomass Power Plant Managers 
",103380,187000,0,193.3206
19-1022.00,Microbiologists ,71650,22000,5,16.55115
41-9041.00,Telemarketers ,25250,168000,-2,41.5716
51-8091.00,"Chemical Plant and System Operators 
",62060,29000,-2,17.637452
19-2012.00,"Physicists 
",120950,19000,8.5,24.9338425
11-9039.00,"Education Administrators, All Other 
",82850,47000,8.5,42.2493575
13-1199.00,"Business Operations Specialists, All Other 
",70530,1136000,5,841.28184
17-3023.00,Electrical and Electronic Engineering Technicians ,64330,131000,0,84.2723
17-3029.12,"Nanotechnology Engineering Technicians 
",63200,87000,2.5,56.3586
19-3094.00,Political Scientists ,117570,6000,5,7.40691
21-1019.00,"Counselors, All Other 
",42130,30000,11,14.02929
25-9099.00,"Education, Training, and Library Workers, All Other ",42080,119000,5,52.57896
33-3051.03,Sheriffs and Deputy Sheriffs ,61380,687000,5,442.76463
41-3099.00,"Sales Representatives, Services, All Other 
",54550,1061000,8.5,627.9714175
43-4061.00,"Eligibility Interviewers, Government Programs ",46020,145000,5,70.06545
43-4161.00,"Human Resources Assistants, Except Payroll and Timekeeping ",40390,129000,-2,51.061038
51-6062.00,"Textile Cutting Machine Setters, Operators, and Tenders ",28220,14000,-2,3.871784
51-6092.00,Fabric and Apparel Patternmakers ,40560,5000,-2,1.98744
51-7031.00,"Model Makers, Wood ",53100,2000,2.5,1.08855
55-1015.00,Command and Control Center Officers ,53100,2000,2.5,1.08855
11-9199.01,"Regulatory Affairs Managers 
",107480,1080000,5,1218.8232
25-9041.00,"Teacher Assistants 
",26970,1380000,5,390.7953
27-3042.00,"Technical Writers 
",71850,56000,8.5,43.65606
29-1069.07,"Pathologists 
",200890,434000,8.5,945.970921
33-9021.00,"Private Detectives and Investigators 
",50090,33000,8.5,17.9347245
51-9151.00,Photographic Process Workers and Processing Machine Operators ,29180,17000,-2,4.861388
49-2022.00,"Telecommunications Equipment Installers and Repairers, Except Line Installers ",56100,233000,-2,128.09874
13-2099.02,"Risk Management Specialists 
",70280,144000,5,106.26336
29-2011.01,"Cytogenetic Technologists 
",52330,332000,11,192.846516
13-1199.01,"Energy Auditors 

",70530,1136000,5,841.28184
19-3093.00,Historians ,61140,3000,5,1.92591
31-2021.00,"Physical Therapist Assistants 
",58040,98000,11,63.135912
41-2021.00,Counter and Rental Clerks ,27290,436000,5,124.93362
11-3071.03,"Logistics Managers 
",94730,131000,5,130.301115
11-9032.00,"Education Administrators, Elementary and Secondary School ",95310,275000,5,275.207625
19-1029.03,Geneticists ,79590,47000,5,39.277665
29-2011.00,"Medical and Clinical Laboratory Technologists 
",52330,332000,11,192.846516
13-1199.06,"Online Merchants 
",70530,1136000,5,841.28184
29-1131.00,"Veterinarians 
",93830,85000,11,88.528605
41-1011.00,"First-Line Supervisors of Retail Sales Workers 
",39630,1548000,-2,601.202952
15-1199.11,"Video Game Designers 
",90270,413000,8.5,404.5043835
19-2041.00,"Environmental Scientists and Specialists, Including Health 

",71130,85000,8.5,65.5996425
19-1041.00,Epidemiologists ,69660,8000,5,5.85144
19-4061.00,"Social Science Research Assistants 
",46640,40000,8.5,20.24176
29-9012.00,"Occupational Health and Safety Technicians 

",50780,20000,8.5,11.01926
45-2041.00,"Graders and Sorters, Agricultural Products ",24430,40000,-2,9.57656
11-9199.07,Security Managers ,107480,1080000,5,1218.8232
25-1123.00,"English Language and Literature Teachers, Postsecondary ",66590,83000,5,58.033185
25-2021.00,"Elementary School Teachers, Except Special Education 
",58230,1434000,2.5,855.893655
11-1031.00,Legislators ,24670,52000,5,13.46982
15-1152.00,Computer Network Support Specialists ,62770,191000,5,125.885235
19-2011.00,Astronomers ,105680,2000,5,2.21928
25-2022.00,"Middle School Teachers, Except Special and Career/Technical Education ",58600,616000,5,379.0248
11-9199.08,Loss Prevention Managers ,107480,1080000,5,1218.8232
25-1021.00,"Computer Science Teachers, Postsecondary ",82220,40000,5,34.5324
27-3022.00,"Reporters and Correspondents 
",41260,43000,-2,17.386964
41-3031.03,"Securities and Commodities Traders 
",64120,442000,5,297.58092
11-3051.01,Quality Control Systems Managers ,103380,187000,0,193.3206
11-9111.00,"Medical and Health Services Managers 
",99730,406000,11,449.443218
15-2041.02,"Clinical Data Managers 
",87780,44000,11,42.871752
39-9011.01,"Nannies 
",23240,1160000,2.5,276.3236
25-3021.00,"Self-Enrichment Education Teachers 
",38720,370000,11,159.02304
19-1031.01,"Soil and Water Conservationists 
",61310,24000,5,15.45012
25-1032.00,"Engineering Teachers, Postsecondary 
",101720,48000,11,54.196416
25-1062.00,"Area, Ethnic, and Cultural Studies Teachers, Postsecondary 
",74440,13000,8.5,10.499762
11-9013.02,"Farm and Ranch Managers 
",67950,975000,0,662.5125
43-4171.00,"Receptionists and Information Clerks 
",29140,1102000,5,337.17894
17-3029.06,"Manufacturing Engineering Technologists 
",63200,87000,2.5,56.3586
25-2031.00,"Secondary School Teachers, Except Special and Career/Technical Education ",60320,1073000,5,679.59528
13-1023.00,"Purchasing Agents, Except Wholesale, Retail, and Farm Products ",62750,432000,-2,265.6584
17-3029.08,"Photonics Technicians 
",63200,87000,2.5,56.3586
19-1023.00,"Zoologists and Wildlife Biologists 
",63420,19000,5,12.65229
37-1011.00,"First-Line Supervisors of Housekeeping and Janitorial Workers 
",39940,245000,8.5,106.170505
19-2041.02,"Environmental Restoration Planners 

",71130,85000,8.5,65.5996425
15-1142.00,Network and Computer Systems Administrators ,82050,384000,5,330.8256
17-2141.01,"Fuel Cell Engineers 
",87370,313000,5,287.141505
17-3024.01,"Robotics Technicians 
",57790,14000,0,8.0906
17-3031.02,Mapping Technicians ,44380,57000,5,26.56143
29-2051.00,Dietetic Technicians ,27140,35000,5,9.97395
39-9021.00,"Personal Care Aides 
",24020,2421000,11,645.491862
19-1029.02,Molecular and Cellular Biologists ,79590,47000,5,39.277665
19-3039.00,"Psychologists, All Other 
",100770,18000,11,20.133846
19-3099.00,"Social Scientists and Related Workers, All Other ",81340,39000,5,33.30873
19-4093.00,"Forest and Conservation Technicians 
",37180,33000,2.5,12.576135
31-1011.00,"Home Health Aides 
",24200,832000,11,223.49184
31-1013.00,"Psychiatric Aides 
",29180,62000,11,20.081676
31-2011.00,"Occupational Therapy Assistants 
",60220,44000,11,29.411448
41-2011.00,"Cashiers 
",22430,3649000,-2,802.101286
43-5061.00,"Production, Planning, and Expediting Clerks 
",47580,359000,5,179.35281
51-4081.00,"Multiple Machine Tool Setters, Operators, and Tenders, Metal and Plastic ",35390,136000,2.5,49.33366
11-3031.01,"Treasurers and Controllers 
",127990,654000,11,929.130606
11-9161.00,Emergency Management Directors ,74420,10000,5,7.8141
11-1011.03,"Chief Sustainability Officers 
",189600,263000,-2,488.67504
15-1122.00,"Information Security Analysts 
",98350,112000,11,122.26872
17-2199.09,"Nanosystems Engineers 
",96980,158000,5,160.88982
17-3029.07,"Mechanical Engineering Technologists 
",63200,87000,2.5,56.3586
19-3031.01,"School Psychologists 
",76990,162000,11,138.443418
29-1031.00,"Dietitians and Nutritionists 
",60370,71000,11,47.577597
51-5111.00,Prepress Technicians and Workers ,40410,30000,-2,11.88054
27-1022.00,Fashion Designers ,72720,26000,0,18.9072
29-1141.01,"Acute Care Nurses 
",71730,3060000,11,2436.38118
29-2071.00,"Medical Records and Health Information Technicians 
",40350,216000,11,96.74316
33-3012.00,Correctional Officers and Jailers ,44330,434000,-2,188.544356
17-2081.00,"Environmental Engineers 
",87620,55000,5,50.60055
29-2011.02,"Cytotechnologists 
",52330,332000,11,192.846516
29-1124.00,"Radiation Therapists 
",82330,19000,8.5,16.9723295
43-5021.00,Couriers and Messengers ,28720,102000,2.5,30.02676
17-3029.04,"Electronics Engineering Technologists 
",63200,87000,2.5,56.3586
19-4021.00,"Biological Technicians 
",44500,85000,8.5,41.040125
49-3011.00,Aircraft Mechanics and Service Technicians ,62920,137000,2.5,88.35541
49-9021.01,"Heating and Air Conditioning Mechanics and Installers 

",47610,368000,11,194.477328
13-1041.00,Compliance Officers ,68860,320000,5,231.3696
13-1041.01,Environmental Compliance Inspectors ,68860,320000,5,231.3696
13-1199.02,"Security Management Specialists 
",70530,1136000,5,841.28184
13-2041.00,Credit Analysts ,71520,76000,5,57.07296
17-2199.04,"Manufacturing Engineers 
",96980,158000,5,160.88982
17-2199.08,"Robotics Engineers 
",96980,158000,5,160.88982
19-3091.00,"Anthropologists and Archeologists 
",62410,7000,8.5,4.7400395
19-4011.00,Agricultural and Food Science Technicians ,40860,29000,5,12.44187
21-1014.00,"Mental Health Counselors 
",47790,834000,11,442.411146
39-6011.00,Baggage Porters and Bellhops ,24210,43000,5,10.930815
41-9012.00,Models ,23770,4000,-2,0.931784
43-3041.00,Gaming Cage Workers ,27490,16000,2.5,4.50836
43-4131.00,"Loan Interviewers and Clerks 
",39890,226000,8.5,97.814269
43-5052.00,Postal Service Mail Carriers ,55210,329000,-2,178.008082
51-6061.00,Textile Bleaching and Dyeing Machine Operators and Tenders ,28780,10000,-2,2.82044
51-9023.00,"Mixing and Blending Machine Setters, Operators, and Tenders 
",37210,131000,-2,47.770198
53-6041.00,Traffic Technicians ,46570,8000,5,3.91188
55-1012.00,Aircraft Launch and Recovery Officers ,46570,8000,5,3.91188
55-1016.00,Infantry Officers ,46570,8000,5,3.91188
11-2011.01,"Green Marketers 
",117130,28000,2.5,33.61631
11-3071.02,"Storage and Distribution Managers 
",94730,131000,5,130.301115
11-9061.00,Funeral Service Managers ,79180,24000,5,19.95336
17-1012.00,"Landscape Architects 
",68230,24000,5,17.19396
17-1022.00,Surveyors ,62580,49000,5,32.19741
27-1024.00,Graphic Designers ,50370,290000,2.5,149.724825
27-3043.04,Copy Writers ,62170,123000,0,76.4691
43-4041.02,Credit Checkers ,38750,30000,-2,11.3925
51-9061.00,"Inspectors, Testers, Sorters, Samplers, and Weighers 
",38250,574000,-2,215.1639
17-2161.00,"Nuclear Engineers 
",107600,18000,0,19.368
29-1141.02,"Advanced Practice Psychiatric Nurses 
",71730,3060000,11,2436.38118
29-1161.00,"Nurse Midwives 
",103770,7000,11,8.062929
47-1011.00,"First-Line Supervisors of Construction Trades and Extraction Workers 
",65230,663000,8.5,469.2352665
29-2012.00,"Medical and Clinical Laboratory Technicians 
",52330,332000,11,192.846516
11-9121.02,"Water Resource Specialists 
",123860,64000,5,83.23392
13-2053.00,Insurance Underwriters ,69380,110000,-2,74.79164
17-2121.01,"Marine Engineers 
",92560,12000,8.5,12.051312
19-1031.03,Park Naturalists ,61310,24000,5,15.45012
19-2043.00,"Hydrologists 

",79370,7000,8.5,6.0281515
29-1065.00,"Pediatricians, General ",170560,32000,2.5,55.94368
29-1125.01,"Art Therapists 
",47860,20000,8.5,10.38562
43-9011.00,Computer Operators ,45840,37000,-2,16.621584
17-2051.00,"Civil Engineers 
",86640,327000,5,297.47844
11-3031.00,"Financial Managers 
",127990,654000,11,929.130606
11-9013.00,"Farmers, Ranchers, and Other Agricultural Managers ",67950,975000,0,662.5125
15-1199.00,"Computer Occupations, All Other 
",90270,413000,8.5,404.5043835
17-2121.02,"Marine Architects 
",92560,12000,8.5,12.051312
17-3029.11,"Nanotechnology Engineering Technologists 
",63200,87000,2.5,56.3586
25-1191.00,Graduate Teaching Assistants ,33700,164000,5,58.0314
27-2023.00,"Umpires, Referees, and Other Sports Officials ",27020,22000,5,6.24162
27-3031.00,"Public Relations Specialists 
",60000,270000,5,170.1
33-3021.01,Police Detectives ,81920,111000,2.5,93.20448
35-1011.00,"Chefs and Head Cooks 
",48460,139000,11,74.768934
35-3031.00,"Waiters and Waitresses 
",21780,2635000,8.5,622.684755
37-2012.00,"Maids and Housekeeping Cleaners 
",23770,1494000,-2,348.021324
43-4041.00,"Credit Authorizers, Checkers, and Clerks ",38750,30000,-2,11.3925
51-3021.00,Butchers and Meat Cutters ,31580,136000,2.5,44.02252
51-3023.00,Slaughterers and Meat Packers ,28260,78000,2.5,22.59387
51-4062.00,"Patternmakers, Metal and Plastic ",45840,3000,-2,1.347696
51-6099.00,"Textile, Apparel, and Furnishings Workers, All Other ",27750,16000,-2,4.3512
51-9199.00,"Production Workers, All Other ",30170,245000,2.5,75.7644125
53-3031.00,Driver/Sales Workers ,24700,448000,-2,108.44288
55-1011.00,Air Crew Officers ,24700,448000,-2,108.44288
55-1014.00,Artillery and Missile Officers ,24700,448000,-2,108.44288
55-3011.00,Air Crew Members ,24700,448000,-2,108.44288
55-3014.00,Artillery and Missile Crew Members ,24700,448000,-2,108.44288
19-1032.00,Foresters ,61410,9000,0,5.5269
17-1021.00,"Cartographers and Photogrammetrists 
",64430,12000,11,8.582076
19-3091.02,"Archeologists 
",62410,7000,8.5,4.7400395
19-3092.00,Geographers ,80300,2000,2.5,1.64615
21-2021.00,"Directors, Religious Activities and Education ",40810,159000,5,68.132295
31-9097.00,"Phlebotomists 
",34480,128000,11,48.989184
33-3021.03,Criminal Investigators and Special Agents ,81920,111000,2.5,93.20448
33-9099.02,Retail Loss Prevention Specialists ,30720,141000,5,45.48096
25-1082.00,"Library Science Teachers, Postsecondary ",71560,6000,5,4.50828
13-1041.06,Coroners ,68860,320000,5,231.3696
13-2099.03,"Investment Underwriters 
",70280,144000,5,106.26336
29-1069.10,"Radiologists 
",200890,434000,8.5,945.970921
49-2094.00,"Electrical and Electronics Repairers, Commercial and Industrial Equipment 
",58110,61000,0,35.4471
13-2071.00,"Credit Counselors 
",45180,40000,8.5,19.60812
17-2111.03,Product Safety Engineers ,89130,27000,5,25.268355
27-1011.00,Art Directors ,92780,101000,0,93.7078
27-2012.02,"Directors- Stage, Motion Pictures, Television, and Radio ",71680,152000,5,114.40128
27-3021.00,Broadcast News Analysts ,66880,7000,0,4.6816
29-1127.00,"Speech-Language Pathologists 
",77510,154000,11,132.495594
29-1141.03,"Critical Care Nurses 
",71730,3060000,11,2436.38118
25-1064.00,"Geography Teachers, Postsecondary ",80350,5000,5,4.218375
11-9081.00,Lodging Managers ,53390,53000,0,28.2967
11-9199.09,"Wind Energy Operations Managers 
",107480,1080000,5,1218.8232
13-1041.03,Equal Opportunity Representatives and Officers ,68860,320000,5,231.3696
19-3039.01,"Neuropsychologists and Clinical Neuropsychologists 
",100770,18000,11,20.133846
29-1069.05,"Nuclear Medicine Physicians 
",200890,434000,8.5,945.970921
29-1181.00,"Audiologists 
",75920,14000,11,11.797968
35-9031.00,"Hosts and Hostesses, Restaurant, Lounge, and Coffee Shop 
",22160,426000,11,104.785776
39-1021.00,"First-Line Supervisors of Personal Service Workers 
",38400,302000,11,128.72448
17-3021.00,Aerospace Engineering and Operations Technicians ,67010,11000,5,7.739655
25-1067.00,"Sociology Teachers, Postsecondary ",74140,17000,5,13.23399
15-1151.00,"Computer User Support Specialists 
",50980,672000,11,380.270016
17-1022.01,Geodetic Surveyors ,62580,49000,5,32.19741
27-2012.01,Producers ,71680,152000,5,114.40128
27-2022.00,"Coaches and Scouts 
",33780,290000,11,108.73782
29-1122.01,"Low Vision Therapists, Orientation and Mobility Specialists, and Vision Rehabilitation Therapists 
",84270,133000,11,124.407801
29-1125.00,"Recreational Therapists 
",47860,20000,8.5,10.38562
29-1141.00,"Registered Nurses 
",71730,3060000,11,2436.38118
29-1171.00,"Nurse Practitioners 
",107030,189000,11,224.538237
17-3012.02,Electrical Drafters ,60070,26000,2.5,16.008655
49-2021.00,"Radio, Cellular, and Tower Equipment Installers and Repairers ",54890,14000,2.5,7.876715
11-9039.02,"Fitness and Wellness Coordinators 
",82850,47000,8.5,42.2493575
13-1031.02,"Insurance Adjusters, Examiners, and Investigators ",65900,329000,-2,212.47478
25-9011.00,Audio-Visual and Multimedia Collections Specialists ,49600,11000,5,5.7288
29-2021.00,"Dental Hygienists 
",74820,220000,11,182.71044
29-2031.00,"Cardiovascular Technologists and Technicians 
",56850,58000,8.5,35.775705
29-9099.01,"Midwives 
",54620,37000,8.5,21.927199
31-9099.01,"Speech-Language Pathology Assistants 
",37830,93000,8.5,38.1723615
35-1012.00,"First-Line Supervisors of Food Preparation and Serving Workers 
",32450,989000,11,356.232855
43-5031.00,"Police, Fire, and Ambulance Dispatchers ",40660,98000,5,41.83914
51-4012.00,"Computer Numerically Controlled Machine Tool Programmers, Metal and Plastic 
",53190,24000,11,14.169816
51-4111.00,Tool and Die Makers ,52750,74000,-2,38.2543
15-2091.00,Mathematical Technicians ,57190,2000,5,1.20099
25-1043.00,"Forestry and Conservation Science Teachers, Postsecondary ",86900,3000,5,2.73735
25-1125.00,"History Teachers, Postsecondary ",74590,26000,5,20.36307
49-1011.00,"First-Line Supervisors of Mechanics, Installers, and Repairers 
",66140,487000,5,338.20689
49-9062.00,Medical Equipment Repairers ,49210,54000,5,27.90207
11-3051.06,"Hydroelectric Production Managers 
",103380,187000,0,193.3206
17-3011.01,"Architectural Drafters 
",54920,101000,2.5,56.85593
17-3029.01,Non-Destructive Testing Specialists ,63200,87000,2.5,56.3586
21-1013.00,"Marriage and Family Therapists 
",50090,55000,11,30.579945
29-1067.00,Surgeons ,208000,38000,0,79.04
29-1123.00,"Physical Therapists 
",87930,248000,11,242.053704
29-1128.00,"Exercise Physiologists 
",49270,16000,8.5,8.553272
29-9092.00,"Genetic Counselors 
",80370,3000,11,2.676321
33-1021.01,Municipal Fire Fighting and Prevention Supervisors ,76330,68000,5,54.49962
39-1011.00,"Gaming Supervisors 
",49420,50000,8.5,26.81035
39-1021.01,"Spa Managers 
",38400,302000,11,128.72448
43-9051.00,"Mail Clerks and Mail Machine Operators, Except Postal Service ",30430,90000,-2,26.83926
45-2011.00,"Agricultural Inspectors 
",44140,18000,5,8.34246
51-8013.00,"Power Plant Operators 
",79610,35000,-2,27.30623
13-1041.07,"Regulatory Affairs Specialists 
",68860,320000,5,231.3696
13-1075.00,Labor Relations Specialists ,67790,79000,-2,52.483018
13-2011.00,"Accountants and Auditors 
",70500,1424000,5,1054.116
17-2121.00,"Marine Engineers and Naval Architects 
",92560,12000,8.5,12.051312
19-1031.00,Conservation Scientists ,61310,24000,5,15.45012
19-4041.00,"Geological and Petroleum Technicians 
",53300,16000,8.5,9.25288
21-1094.00,"Community Health Workers 
",39540,62000,11,27.211428
25-4011.00,"Archivists 
",52240,8000,8.5,4.534432
27-1012.00,Craft Artists ,34240,10000,0,3.424
27-3041.00,Editors ,59480,118000,-2,68.782672
29-1069.11,"Sports Medicine Physicians 
",200890,434000,8.5,945.970921
29-1071.01,"Anesthesiologist Assistants 
",108610,119000,11,143.462949
29-1151.00,"Nurse Anesthetists 
",167950,45000,11,83.891025
29-2041.00,"Emergency Medical Technicians and Paramedics 
",34320,262000,8.5,97.561464
29-2053.00,"Psychiatric Technicians 
",32870,77000,11,28.093989
35-3022.00,"Counter Attendants, Cafeteria, Food Concession, and Coffee Shop 
",22330,480000,2.5,109.8636
37-1012.00,"First-Line Supervisors of Landscaping, Lawn Service, and Groundskeeping Workers 
",48220,199000,8.5,104.114213
39-3011.00,Gaming Dealers ,20120,96000,5,20.28096
39-3012.00,Gaming and Sports Book Writers and Runners ,24430,12000,0,2.9316
39-9031.00,"Fitness Trainers and Aerobics Instructors 
",39820,357000,11,157.794714
43-4031.02,Municipal Clerks ,38450,151000,5,60.962475
43-4051.03,"Patient Representatives 
",33750,2973000,-2,983.31975
43-5053.00,"Postal Service Mail Sorters, Processors, and Processing Machine Operators ",58770,100000,-2,57.5946
47-5021.00,"Earth Drillers, Except Oil and Gas 
",44430,19000,11,9.370287
55-3017.00,Radar and Sonar Technicians ,44430,19000,11,9.370287
25-1031.00,"Architecture Teachers, Postsecondary 
",86980,9000,8.5,8.493597
25-1041.00,"Agricultural Sciences Teachers, Postsecondary ",84640,13000,5,11.55336
25-1042.00,"Biological Science Teachers, Postsecondary 
",82550,65000,11,59.559825
25-1051.00,"Atmospheric, Earth, Marine, and Space Sciences Teachers, Postsecondary ",90860,13000,5,12.40239
25-1053.00,"Environmental Science Teachers, Postsecondary ",79910,8000,5,6.71244
25-1061.00,"Anthropology and Archeology Teachers, Postsecondary 
",83940,7000,8.5,6.375243
25-1063.00,"Economics Teachers, Postsecondary 
",101480,16000,8.5,17.616928
25-1065.00,"Political Science Teachers, Postsecondary 
",83370,20000,8.5,18.09129
25-1071.00,"Health Specialties Teachers, Postsecondary 
",97370,255000,11,275.605785
25-1072.00,"Nursing Instructors and Teachers, Postsecondary 
",73490,69000,11,56.285991
25-1111.00,"Criminal Justice and Law Enforcement Teachers, Postsecondary 
",61900,18000,8.5,12.08907
25-1112.00,"Law Teachers, Postsecondary 
",111140,23000,8.5,27.734987
25-1113.00,"Social Work Teachers, Postsecondary 
",68300,16000,8.5,11.85688
25-1121.00,"Art, Drama, and Music Teachers, Postsecondary 
",69960,119000,8.5,90.328854
25-1122.00,"Communications Teachers, Postsecondary ",68910,36000,5,26.04798
25-1126.00,"Philosophy and Religion Teachers, Postsecondary 
",71890,32000,8.5,24.960208
25-1193.00,"Recreation and Fitness Studies Teachers, Postsecondary ",62620,20000,5,13.1502
29-2011.03,"Histotechnologists and Histologic Technicians 
",52330,332000,11,192.846516
29-2055.00,"Surgical Technologists 
",47300,112000,8.5,57.47896
53-7011.00,Conveyor Operators and Tenders ,32980,23000,0,7.5854
53-7071.00,Gas Compressor and Gas Pumping Station Operators ,65210,4000,-2,2.556232
53-7072.00,"Pump Operators, Except Wellhead Pumpers 
",44380,12000,8.5,5.778276
13-1031.01,"Claims Examiners, Property and Casualty Insurance ",65900,329000,-2,212.47478
13-1199.05,"Sustainability Specialists 

",70530,1136000,5,841.28184
15-1143.01,Telecommunications Engineering Specialists ,109020,159000,5,182.00889
17-3013.00,Mechanical Drafters ,55920,58000,-2,31.784928
23-1022.00,"Arbitrators, Mediators, and Conciliators 

",62270,8000,8.5,5.405036
25-4013.00,"Museum Technicians and Conservators 
",43020,14000,8.5,6.534738
27-1013.00,"Fine Artists, Including Painters, Sculptors, and Illustrators ",49380,29000,0,14.3202
29-1069.09,"Preventive Medicine Physicians 
",200890,434000,8.5,945.970921
29-1199.05,"Orthoptists 
",73960,57000,11,46.794492
33-1021.02,Forest Fire Fighting and Prevention Supervisors ,76330,68000,5,54.49962
33-2021.01,Fire Inspectors ,62510,13000,5,8.532615
33-2021.02,Fire Investigators ,62510,13000,5,8.532615
41-9011.00,Demonstrators and Product Promoters ,28960,87000,5,26.45496
45-1011.07,"First-Line Supervisors of Agricultural Crop and Horticultural Workers 
",46960,56000,0,26.2976
51-4061.00,"Model Makers, Metal and Plastic ",56130,5000,-2,2.75037
51-8021.00,"Stationary Engineers and Boiler Operators 
",60440,34000,2.5,21.06334
53-1021.00,"First-Line Supervisors of Helpers, Laborers, and Material Movers, Hand ",55470,425000,5,247.534875
11-9071.00,"Gaming Managers 
",74700,6000,8.5,4.86297
21-1022.00,"Healthcare Social Workers 
",56200,181000,11,112.91142
27-3043.05,"Poets, Lyricists and Creative Writers ",62170,123000,0,76.4691
27-4011.00,"Audio and Video Equipment Technicians 
",43770,93000,11,45.183771
27-4032.00,"Film and Video Editors 
",62650,40000,11,27.8166
29-1041.00,"Optometrists 
",111790,42000,8.5,50.942703
29-1069.04,"Neurologists 
",200890,434000,8.5,945.970921
29-1069.06,"Ophthalmologists 
",200890,434000,8.5,945.970921
29-1071.00,"Physician Assistants 
",108610,119000,11,143.462949
29-1199.01,"Acupuncturists 
",73960,57000,11,46.794492
29-1199.04,"Naturopathic Physicians 
",73960,57000,11,46.794492
29-9091.00,"Athletic Trainers 
",47510,31000,11,16.348191
33-3051.01,Police Patrol Officers ,61380,687000,5,442.76463
33-9031.00,Gaming Surveillance Officers and Gaming Investigators ,32680,11000,5,3.77454
39-5091.00,"Makeup Artists, Theatrical and Performance 
",64250,5000,8.5,3.4855625
39-9032.00,"Recreation Workers 
",25060,408000,8.5,110.935608
43-3031.00,"Bookkeeping, Accounting, and Auditing Clerks 
",40240,1708000,-2,673.553216
51-4121.06,"Welders, Cutters, and Welder Fitters 
",41380,425000,2.5,180.261625
29-2033.00,"Nuclear Medicine Technologists 
",76820,19000,8.5,15.836443
49-9041.00,"Industrial Machinery Mechanics 
",52340,382000,5,209.93574
11-3051.02,"Geothermal Production Managers 
",103380,187000,0,193.3206
13-1011.00,"Agents and Business Managers of Artists, Performers, and Athletes 
",66040,19000,8.5,13.614146
17-3029.10,"Fuel Cell Technicians 
",63200,87000,2.5,56.3586
17-3031.01,Surveying Technicians ,44380,57000,5,26.56143
21-1023.00,"Mental Health and Substance Abuse Social Workers 
",44840,125000,11,62.2155
27-2032.00,Choreographers ,47800,7000,-2,3.27908
27-4013.00,Radio Operators ,42220,1000,2.5,0.432755
29-1062.00,"Family and General Practitioners 
",201100,127000,8.5,277.105745
29-1063.00,"Internists, General ",194500,43000,5,87.81675
29-1064.00,Obstetricians and Gynecologists ,208000,21000,2.5,44.772
29-1066.00,"Psychiatrists 
",208000,29000,11,66.9552
29-1126.00,"Respiratory Therapists 
",60280,134000,11,89.660472
29-2099.06,"Radiologic Technicians 
",42920,129000,11,61.457148
31-9011.00,"Massage Therapists 
",41420,160000,11,73.56192
33-1012.00,First-Line Supervisors of Police and Detectives ,89030,122000,5,114.04743
39-5011.00,"Barbers 
",27960,82000,8.5,24.876012
43-4121.00,"Library Assistants, Clerical ",26500,94000,-2,24.4118
43-5071.00,"Shipping, Receiving, and Traffic Clerks 
",33030,663000,0,218.9889
47-4099.03,"Weatherization Installers and Technicians 

",38860,35000,8.5,14.757085
49-9081.00,"Wind Turbine Service Technicians 

",54370,7000,11,4.224549
51-4051.00,Metal-Refining Furnace Operators and Tenders ,41220,18000,-2,7.271208
51-4052.00,"Pourers and Casters, Metal ",37730,8000,-2,2.958032
51-8031.00,Water and Wastewater Treatment Plant and System Operators ,46780,127000,-2,58.222388
51-8093.00,"Petroleum Pump System Operators, Refinery Operators, and Gaugers ",70860,40000,-2,27.77712
51-9012.00,"Separating, Filtering, Clarifying, Precipitating, and Still Machine Setters, Operators, and Tenders 
",40810,51000,2.5,21.3334275
51-9041.00,"Extruding, Forming, Pressing, and Compacting Machine Setters, Operators, and Tenders ",35120,74000,-2,25.469024
51-9192.00,"Cleaning, Washing, and Metal Pickling Equipment Operators and Tenders ",30790,18000,0,5.5422
17-3011.02,Civil Drafters ,54920,101000,2.5,56.85593
29-2056.00,"Veterinary Technologists and Technicians 
",34420,109000,11,41.644758
49-9061.00,Camera and Photographic Equipment Repairers ,40620,4000,0,1.6248
13-1041.02,Licensing Examiners and Inspectors ,68860,320000,5,231.3696
13-2099.04,"Fraud Examiners, Investigators and Analysts ",70280,144000,5,106.26336
17-2111.01,"Industrial Safety and Health Engineers 
",89130,27000,5,25.268355
17-2111.02,Fire-Prevention and Protection Engineers ,89130,27000,5,25.268355
23-1023.00,"Judges, Magistrate Judges, and Magistrates ",133920,30000,2.5,41.1804
27-1026.00,Merchandise Displayers and Window Trimmers ,28450,168000,2.5,48.9909
27-2041.01,Music Directors ,49630,65000,0,32.2595
29-1021.00,"Dentists, General 
",151850,137000,8.5,225.7174325
29-1069.01,"Allergists and Immunologists 
",200890,434000,8.5,945.970921
29-1069.02,"Dermatologists 
",200890,434000,8.5,945.970921
29-2034.00,"Radiologic Technologists 
",59520,211000,8.5,136.262112
29-2052.00,"Pharmacy Technicians 
",32700,420000,8.5,149.0139
29-2054.00,Respiratory Therapy Technicians ,51210,9000,-2,4.516722
33-2011.01,Municipal Firefighters ,49620,332000,5,172.97532
33-2011.02,Forest Firefighters ,49620,332000,5,172.97532
33-9011.00,Animal Control Workers ,36330,13000,5,4.959045
35-2021.00,"Food Preparation Workers 
",23730,842000,8.5,216.790161
35-3021.00,"Combined Food Preparation and Serving Workers, Including Fast Food 
",21250,3704000,11,873.681
35-9011.00,"Dining Room and Cafeteria Attendants and Bartender Helpers 
",22270,466000,8.5,112.599347
37-3011.00,"Landscaping and Groundskeeping Workers 
",29000,1205000,8.5,379.15325
39-3031.00,"Ushers, Lobby Attendants, and Ticket Takers ",22260,136000,2.5,31.03044
39-3093.00,"Locker Room, Coatroom, and Dressing Room Attendants 
",24030,19000,8.5,4.9537845
39-5012.00,"Hairdressers, Hairstylists, and Cosmetologists 
",24730,684000,8.5,183.531222
41-2012.00,Gaming Change Persons and Booth Cashiers ,24880,23000,0,5.7224
43-4081.00,"Hotel, Motel, and Resort Desk Clerks ",23700,265000,-2,61.5489
43-5041.00,"Meter Readers, Utilities ",40360,34000,-2,13.447952
45-1011.08,First-Line Supervisors of Animal Husbandry and Animal Care Workers ,46960,56000,0,26.2976
45-3011.00,Fishers and Related Fishing Workers ,25380,39000,-2,9.700236
45-4022.00,Logging Equipment Operators ,40510,37000,-2,14.688926
45-4023.00,Log Graders and Scalers ,38220,5000,-2,1.87278
47-2031.01,"Construction Carpenters 

",46590,1007000,8.5,509.0400105
47-2073.00,"Operating Engineers and Other Construction Equipment Operators 

",47810,402000,8.5,208.532877
47-2152.02,"Plumbers 

",53910,500000,11,299.2005
47-3012.00,"Helpers--Carpenters 

",30880,34000,11,11.654112
47-4031.00,"Fence Erectors 
",34800,31000,8.5,11.70498
47-5031.00,"Explosives Workers, Ordnance Handling Experts, and Blasters ",49860,6000,5,3.14118
49-9012.00,"Control and Valve Installers and Repairers, Except Mechanical Door ",56070,53000,2.5,30.4600275
49-9031.00,Home Appliance Repairers ,39270,41000,-2,15.778686
49-9044.00,"Millwrights 

",55060,44000,8.5,26.285644
51-4032.00,"Drilling and Boring Machine Tool Setters, Operators, and Tenders, Metal and Plastic 
",38020,12000,-2,4.471152
51-6041.00,Shoe and Leather Workers and Repairers ,28840,12000,-2,3.391584
51-7011.00,Cabinetmakers and Bench Carpenters ,34740,116000,0,40.2984
51-9021.00,"Crushing, Grinding, and Polishing Machine Setters, Operators, and Tenders ",36400,33000,-2,11.77176
51-9071.01,Jewelers ,39440,38000,-2,14.687456
51-9071.06,Gem and Diamond Workers ,39440,38000,-2,14.687456
51-9071.07,Precious Metal Workers ,39440,38000,-2,14.687456
53-1031.00,First-Line Supervisors of Transportation and Material-Moving Machine and Vehicle Operators ,55470,425000,5,247.534875
53-3033.00,"Light Truck or Delivery Services Drivers 
",32810,1001000,5,344.849505
53-4013.00,"Rail Yard Engineers, Dinkey Operators, and Hostlers ",52630,6000,0,3.1578
53-7081.00,"Refuse and Recyclable Material Collectors 

",37260,133000,8.5,53.768043
43-4071.00,File Clerks ,31700,117000,-2,36.34722
11-3051.05,"Methane/Landfill Gas Collection System Operators 
",103380,187000,0,193.3206
11-9013.03,Aquacultural Managers ,67950,975000,0,662.5125
19-4041.01,"Geophysical Data Technicians 

",53300,16000,8.5,9.25288
27-1023.00,Floral Designers ,27200,56000,-2,14.92736
27-1027.00,Set and Exhibit Designers ,54270,14000,5,7.97769
29-1011.00,"Chiropractors 
",71410,50000,8.5,38.739925
29-1069.08,"Physical Medicine and Rehabilitation Physicians 
",200890,434000,8.5,945.970921
31-2012.00,"Occupational Therapy Aides 
",28160,8000,11,2.500608
31-9099.02,"Endoscopy Technicians 
",37830,93000,8.5,38.1723615
33-3021.02,Police Identification and Records Officers ,81920,111000,2.5,93.20448
33-3052.00,Transit and Railroad Police ,74030,5000,5,3.886575
43-4111.00,"Interviewers, Except Eligibility and Loan ",34060,205000,2.5,71.568575
43-5011.01,"Freight Forwarders 

",43210,96000,8.5,45.007536
49-2011.00,"Computer, Automated Teller, and Office Machine Repairers ",38480,115000,-2,43.36696
49-2095.00,"Electrical and Electronics Repairers, Powerhouse, Substation, and Relay ",80200,23000,2.5,18.90715
49-2098.00,"Security and Fire Alarm Systems Installers 
",47190,76000,11,39.809484
49-9052.00,Telecommunications Line Installers and Repairers ,58280,123000,0,71.6844
53-1021.01,"Recycling Coordinators 
",55470,425000,5,247.534875
49-9011.00,"Mechanical Door Repairers 
",41010,23000,8.5,10.2340455
49-9021.02,"Refrigeration Mechanics and Installers 

",47610,368000,11,194.477328
53-3022.00,"Bus Drivers, School or Special Client ",32420,498000,5,169.52418
53-7061.00,Cleaners of Vehicles and Equipment ,24530,409000,5,105.344085
17-3012.01,Electronic Drafters ,60070,26000,2.5,16.008655
21-2011.00,Clergy ,48990,234000,5,120.36843
23-1021.00,"Administrative Law Judges, Adjudicators, and Hearing Officers ",99850,15000,2.5,15.3519375
25-4031.00,Library Technicians ,34040,95000,-2,31.69124
27-2011.00,Actors ,1754,65000,0,1.1401
27-2031.00,Dancers ,1631,14000,0,0.22834
27-2041.04,Music Composers and Arrangers ,49630,65000,0,32.2595
27-2042.01,Singers ,2815,188000,0,5.2922
27-3011.00,Radio and Television Announcers ,33220,38000,-2,12.371128
27-4012.00,Broadcast Technicians ,40080,35000,0,14.028
27-4031.00,"Camera Operators, Television, Video, and Motion Picture 
",54570,29000,8.5,17.1704505
29-1024.00,"Prosthodontists 
",176540,1000,8.5,1.915459
29-1051.00,Pharmacists ,126120,314000,0,396.0168
29-1061.00,Anesthesiologists ,208000,35000,5,76.44
29-1069.03,"Hospitalists 
",200890,434000,8.5,945.970921
29-2081.00,"Opticians, Dispensing 
",37010,75000,8.5,30.1168875
31-9092.00,"Medical Assistants 
",33610,687000,11,256.299777
31-9096.00,"Veterinary Assistants and Laboratory Animal Caretakers 
",27540,92000,11,28.123848
33-1011.00,First-Line Supervisors of Correctional Officers ,63340,46000,-2,28.553672
33-9093.00,Transportation Security Screeners ,41490,49000,0,20.3301
37-3013.00,"Tree Trimmers and Pruners 
",38190,56000,8.5,23.204244
39-2011.00,"Animal Trainers 
",29290,45000,11,14.630355
41-9091.00,"Door-To-Door Sales Workers, News and Street Vendors, and Related Workers ",26430,70000,-2,18.13098
47-1011.03,"Solar Energy Installation Managers 

",65230,663000,8.5,469.2352665
47-2211.00,"Sheet Metal Workers 

",48460,143000,8.5,75.188113
47-2231.00,"Solar Photovoltaic Installers 

",42680,10000,11,4.73748
47-5041.00,"Continuous Mining Machine Operators 
",54520,15000,0,8.178
49-2021.01,Radio Mechanics ,54890,14000,2.5,7.876715
49-2091.00,Avionics Technicians ,64140,21000,2.5,13.806135
49-3023.01,Automotive Master Mechanics ,40710,770000,0,313.467
49-3031.00,"Bus and Truck Mechanics and Diesel Engine Specialists 
",47350,285000,5,141.694875
51-2023.00,Electromechanical Equipment Assemblers ,33690,292000,-2,96.407304
51-2041.00,"Structural Metal Fabricators and Fitters 
",39290,80000,-2,30.80336
51-3091.00,"Food and Tobacco Roasting, Baking, and Drying Machine Operators and Tenders ",30840,21000,0,6.4764
51-4023.00,"Rolling Machine Setters, Operators, and Tenders, Metal and Plastic ",38650,27000,-2,10.22679
51-4033.00,"Grinding, Lapping, Polishing, and Buffing Machine Tool Setters, Operators, and Tenders, Metal and Plastic ",34850,75000,-2,25.61475
51-4121.07,"Solderers and Brazers 
",41380,425000,2.5,180.261625
51-4122.00,"Welding, Soldering, and Brazing Machine Setters, Operators, and Tenders ",37670,38000,-2,14.028308
51-6052.00,"Tailors, Dressmakers, and Custom Sewers ",31000,34000,-2,10.3292
51-8011.00,"Nuclear Power Reactor Operators 
",94350,6000,-2,5.54778
51-8099.01,"Biofuels Processing Technicians 
",57100,13000,0,7.423
51-8099.02,"Methane/Landfill Gas Generation System Technicians 
",57100,13000,0,7.423
51-9011.00,"Chemical Equipment Operators and Tenders 
",48770,84000,-2,40.147464
51-9022.00,"Grinding and Polishing Workers, Hand ",29550,31000,-2,8.97729
51-9141.00,Semiconductor Processors ,37270,27000,-2,9.861642
51-9194.00,Etchers and Engravers ,31330,11000,0,3.4463
51-9195.04,"Glass Blowers, Molders, Benders, and Finishers ",33340,47000,2.5,16.061545
53-6051.01,Aviation Inspectors ,73780,31000,5,24.01539
11-9013.01,Nursery and Greenhouse Managers ,67950,975000,0,662.5125
13-1199.03,"Customs Brokers 
",70530,1136000,5,841.28184
13-2082.00,Tax Preparers ,39390,87000,5,35.982765
27-1025.00,Interior Designers ,53370,75000,5,42.028875
29-1022.00,"Oral and Maxillofacial Surgeons 
",208000,6000,8.5,13.5408
29-1069.12,"Urologists 
",200890,434000,8.5,945.970921
29-1081.00,Podiatrists ,129550,11000,5,14.963025
29-2032.00,"Diagnostic Medical Sonographers 
",72510,73000,11,58.754853
29-2061.00,"Licensed Practical and Licensed Vocational Nurses 
",46240,729000,11,374.169456
41-2022.00,Parts Salespersons ,30430,258000,0,78.5094
41-4012.00,"Sales Representatives, Wholesale and Manufacturing, Except Technical and Scientific Products 
",58510,1406000,2.5,843.216865
43-3021.02,"Billing, Cost, and Rate Clerks 
",37800,486000,8.5,199.32318
43-3061.00,Procurement Clerks ,42670,71000,-2,29.689786
43-4041.01,Credit Authorizers ,38750,30000,-2,11.3925
43-5011.00,"Cargo and Freight Agents 
",43210,96000,8.5,45.007536
49-9099.01,"Geothermal Technicians 
",39320,183000,5,75.55338
51-5112.00,Printing Press Operators ,36220,176000,-2,62.472256
51-8092.00,Gas Plant Operators ,71070,15000,-2,10.44729
